0.7916358709335327,0.627718985080719,-1.5637654371403187e-07,0.7218652963638306,0.6243992447853088,0.01692347601056099,0.6442180275917053,0.5579291582107544,0.024146668612957,0.5885650515556335,0.5347596406936646,0.02001192793250084,0.5369709730148315,0.5566890239715576,0.014286058023571968,0.6672707796096802,0.3986448049545288,0.058996737003326416,0.6126384139060974,0.34496161341667175,0.05567823722958565,0.5702457427978516,0.32797670364379883,0.0443870835006237,0.5324392914772034,0.32914412021636963,0.03459778428077698,0.681973934173584,0.3759813904762268,0.033701688051223755,0.6184844970703125,0.3125445246696472,0.0280247051268816,0.572027862071991,0.29338538646698,0.01619243249297142,0.5266513824462891,0.3014739155769348,0.009530770592391491,0.699485719203949,0.37016457319259644,0.0037545389495790005,0.6347774267196655,0.30043408274650574,-0.006514461245387793,0.5853598117828369,0.2776143550872803,-0.010193999856710434,0.5370592474937439,0.2780987620353699,-0.009707365185022354,0.7120303511619568,0.3813762962818146,-0.02700747177004814,0.6456278562545776,0.3234940767288208,-0.038726579397916794,0.6027818322181702,0.29683607816696167,-0.040094953030347824,0.5625383853912354,0.2838946580886841,-0.03844059631228447
0.788384735584259,0.6260308027267456,-1.140979790648089e-07,0.7147658467292786,0.6152275204658508,0.023237600922584534,0.639417827129364,0.5550436973571777,0.03165612742304802,0.5829043984413147,0.5362467765808105,0.02672974392771721,0.5305130481719971,0.5653052926063538,0.019732948392629623,0.6572360396385193,0.3971672058105469,0.07092837989330292,0.6006209850311279,0.3453855514526367,0.06914114952087402,0.5584169030189514,0.3271368741989136,0.05579206347465515,0.5209410190582275,0.32472842931747437,0.04283527284860611,0.67155522108078,0.3725178837776184,0.04048691317439079,0.6079121232032776,0.3101767897605896,0.0349883995950222,0.5593069195747375,0.2920192778110504,0.01821700669825077,0.513796865940094,0.29895567893981934,0.005400036461651325,0.688980221748352,0.3632770776748657,0.00530885299667716,0.6230826377868652,0.2950785160064697,-0.00444653769955039,0.5729002356529236,0.2775992751121521,-0.014591838233172894,0.5260373950004578,0.2819146513938904,-0.021533314138650894,0.7033770084381104,0.3706372380256653,-0.030391206964850426,0.6402899622917175,0.30999648571014404,-0.03993602097034454,0.5965858697891235,0.28512853384017944,-0.04452426731586456,0.5554764270782471,0.2727785110473633,-0.04866010695695877
0.7882440686225891,0.6239217519760132,-9.560229585758862e-08,0.7168469429016113,0.6151909232139587,0.015383985824882984,0.6399449706077576,0.5563792586326599,0.021382324397563934,0.5815221071243286,0.5389603972434998,0.01600329391658306,0.5290852785110474,0.5707502365112305,0.00905575230717659,0.6549416184425354,0.39807504415512085,0.06263367831707001,0.5987446904182434,0.347461998462677,0.0610058456659317,0.5565620064735413,0.3275560736656189,0.04906359314918518,0.5187981724739075,0.31998133659362793,0.03687290474772453,0.6689568758010864,0.37473106384277344,0.037377484142780304,0.6060965061187744,0.3129464387893677,0.032183922827243805,0.5589039325714111,0.29261624813079834,0.017626924440264702,0.5130154490470886,0.2913922965526581,0.0062470100820064545,0.6871123313903809,0.3644995391368866,0.007026621140539646,0.6222822666168213,0.29617971181869507,-0.0035649568308144808,0.5730147957801819,0.27428439259529114,-0.01244949921965599,0.5256272554397583,0.27236342430114746,-0.018329042941331863,0.7021765112876892,0.3678044080734253,-0.024310652166604996,0.6381752490997314,0.3117735981941223,-0.03481511399149895,0.5954287052154541,0.285737007856369,-0.03902023285627365,0.5542252659797668,0.2700348496437073,-0.04254486784338951
0.7951440215110779,0.6241638660430908,-9.556887192729846e-08,0.7192496061325073,0.6145874261856079,0.023377763107419014,0.6401206254959106,0.5573005676269531,0.03378499299287796,0.5830245614051819,0.5410579442977905,0.03089040331542492,0.531704843044281,0.5751177072525024,0.0259366687387228,0.6549431681632996,0.39916399121284485,0.07367712259292603,0.5979661345481873,0.350041925907135,0.07535010576248169,0.5567418932914734,0.3299926519393921,0.06561928987503052,0.5190669298171997,0.3223307132720947,0.05473858490586281,0.6695330142974854,0.3749401867389679,0.04394218698143959,0.60646653175354,0.31471148133277893,0.04155633598566055,0.5590707659721375,0.29495230317115784,0.02799312397837639,0.5128831267356873,0.2958904504776001,0.01757877878844738,0.6889724135398865,0.36583954095840454,0.00939118955284357,0.623968780040741,0.29918062686920166,0.00047299679135903716,0.574955940246582,0.27784156799316406,-0.007187613286077976,0.5273193120956421,0.27528834342956543,-0.011966501362621784,0.7062100172042847,0.37178295850753784,-0.025615308433771133,0.6414065361022949,0.3122354745864868,-0.03552480414509773,0.5983526706695557,0.2850612998008728,-0.03870997950434685,0.556711733341217,0.2680290937423706,-0.041157081723213196
0.7970393300056458,0.628471851348877,-9.493994213016776e-08,0.725014328956604,0.6217498779296875,0.012471633031964302,0.6448495388031006,0.5578508377075195,0.01888258196413517,0.5852742195129395,0.5390923023223877,0.015011779963970184,0.535381555557251,0.5751059055328369,0.00976063683629036,0.6589271426200867,0.40590205788612366,0.057396337389945984,0.6036331057548523,0.3525456190109253,0.05512625724077225,0.5619117617607117,0.3320577144622803,0.04386774078011513,0.5239913463592529,0.3248826563358307,0.032567717134952545,0.6723339557647705,0.3819529116153717,0.03436487168073654,0.6108031868934631,0.31745874881744385,0.028777869418263435,0.5631154179573059,0.2960253059864044,0.014781801961362362,0.5167981386184692,0.29479551315307617,0.004372955299913883,0.6916850209236145,0.3718578815460205,0.006510481238365173,0.6271076202392578,0.3006317615509033,-0.003991350997239351,0.5777608752250671,0.27753767371177673,-0.01227733213454485,0.5304108262062073,0.2742151618003845,-0.01716230995953083,0.7092536687850952,0.3752921223640442,-0.022398585453629494,0.6451998353004456,0.3142133355140686,-0.032480958849191666,0.601408064365387,0.2855726480484009,-0.03600934147834778,0.5599862933158875,0.2692131996154785,-0.038615524768829346
0.8028628826141357,0.625438928604126,-1.3885518512779527e-07,0.7343336939811707,0.6226486563682556,0.01271701417863369,0.649196982383728,0.5571942329406738,0.02163541316986084,0.589678168296814,0.5350119471549988,0.020413076505064964,0.5410323143005371,0.5718339085578918,0.017797019332647324,0.6637350916862488,0.399586021900177,0.05716419219970703,0.6075906753540039,0.3516061305999756,0.055371105670928955,0.5651455521583557,0.3326970040798187,0.04581211134791374,0.5281356573104858,0.32669296860694885,0.03623063489794731,0.6776319146156311,0.3746676743030548,0.0348176434636116,0.6153234243392944,0.31584441661834717,0.02919716015458107,0.5676819682121277,0.2960970401763916,0.017222607508301735,0.5206889510154724,0.29738014936447144,0.00991637073457241,0.6985923051834106,0.36580896377563477,0.007762913592159748,0.6335364580154419,0.30106621980667114,-0.003945911303162575,0.584402859210968,0.2785184979438782,-0.009268448688089848,0.5354883670806885,0.27483561635017395,-0.010252700187265873,0.7174902558326721,0.37278205156326294,-0.020191434770822525,0.6512148976325989,0.3155985474586487,-0.03258337453007698,0.6080729961395264,0.2870037257671356,-0.034622810781002045,0.5664887428283691,0.2688365876674652,-0.034151263535022736
0.8061317205429077,0.627341091632843,-7.958185221923486e-08,0.7321544885635376,0.6190433502197266,0.012761252000927925,0.6528143286705017,0.5556238889694214,0.0194670669734478,0.593847930431366,0.536693811416626,0.015852496027946472,0.5434348583221436,0.5687443017959595,0.010802892036736012,0.6650452017784119,0.40578344464302063,0.05735432356595993,0.6098890900611877,0.3504071533679962,0.05498149245977402,0.5690346956253052,0.3277651071548462,0.04366743564605713,0.5308704376220703,0.31801342964172363,0.03241434320807457,0.6792353987693787,0.38118916749954224,0.03424374386668205,0.6192777156829834,0.3149372935295105,0.028422754257917404,0.5725680589675903,0.29210710525512695,0.014388050884008408,0.5265952944755554,0.28880828619003296,0.004246693570166826,0.7001788020133972,0.370769739151001,0.006353945471346378,0.6376737356185913,0.29757726192474365,-0.0037115393206477165,0.5897237658500671,0.271944522857666,-0.011798983439803123,0.5430356860160828,0.2654125690460205,-0.016551613807678223,0.7202900648117065,0.37327781319618225,-0.022602973505854607,0.6585129499435425,0.31162944436073303,-0.032343313097953796,0.616028904914856,0.2817254662513733,-0.03555375337600708,0.5756432414054871,0.262967586517334,-0.03778752684593201
0.8075355887413025,0.6336284875869751,-8.404543905271566e-08,0.7318075299263,0.6226116418838501,0.009910531342029572,0.655113935470581,0.5594065189361572,0.015321479178965092,0.5969393849372864,0.5389809608459473,0.011351284570991993,0.5463792085647583,0.5647505521774292,0.006161827128380537,0.6699044108390808,0.41279056668281555,0.0520392470061779,0.6140415072441101,0.3518032431602478,0.04628772288560867,0.5727953910827637,0.32928645610809326,0.032369568943977356,0.5340977907180786,0.3206670582294464,0.01996191032230854,0.6831852197647095,0.3875560462474823,0.031186211854219437,0.623318612575531,0.3172726035118103,0.02277218922972679,0.5755705833435059,0.29275083541870117,0.006361998617649078,0.5301531553268433,0.28697019815444946,-0.005791983567178249,0.7029271721839905,0.3759954869747162,0.005569165572524071,0.6414051055908203,0.29760998487472534,-0.0055155460722744465,0.5923372507095337,0.271124005317688,-0.01603766530752182,0.5468854904174805,0.2641890048980713,-0.02295169048011303,0.7226214408874512,0.3761396110057831,-0.021137773990631104,0.6632925271987915,0.3113803267478943,-0.03045697696506977,0.620905876159668,0.2824973464012146,-0.03450583294034004,0.5815622210502625,0.2649673819541931,-0.0378851592540741
0.8095568418502808,0.6370541453361511,-7.063007956276124e-08,0.7320337295532227,0.6247367858886719,0.013400518335402012,0.6540013551712036,0.5607433915138245,0.019631242379546165,0.5953735709190369,0.5413143634796143,0.015312991105020046,0.5432737469673157,0.565930187702179,0.009624375961720943,0.6709451675415039,0.4096814692020416,0.05831684544682503,0.6161265969276428,0.34891924262046814,0.05436369404196739,0.5752756595611572,0.326668381690979,0.04087650775909424,0.535942018032074,0.3183484971523285,0.028153305873274803,0.6853099465370178,0.3846091330051422,0.03483883664011955,0.6247260570526123,0.3162287175655365,0.027916699647903442,0.5771991014480591,0.29294395446777344,0.011165530420839787,0.5313146710395813,0.2881941795349121,-0.0017915674252435565,0.705385684967041,0.3742220103740692,0.006573815830051899,0.6432236433029175,0.297209769487381,-0.003740692976862192,0.5935609936714172,0.27255386114120483,-0.014614405110478401,0.5471370220184326,0.26783818006515503,-0.02216184511780739,0.7244851589202881,0.3767212927341461,-0.022625315934419632,0.6638475060462952,0.3116403818130493,-0.03152700886130333,0.6210141777992249,0.28321927785873413,-0.03573688492178917,0.5812558531761169,0.2666797637939453,-0.03957376256585121
0.8087817430496216,0.6401469707489014,-1.1524389975647864e-07,0.7321017384529114,0.626677930355072,0.024847431108355522,0.6527317762374878,0.5650578737258911,0.035463184118270874,0.5949296355247498,0.545260488986969,0.032294973731040955,0.5425045490264893,0.5714016556739807,0.027020184323191643,0.6670489311218262,0.40702012181282043,0.07568500190973282,0.6116610169410706,0.34825053811073303,0.073680579662323,0.5700376629829407,0.33065420389175415,0.059811223298311234,0.5312235355377197,0.33272624015808105,0.04677032306790352,0.6811980605125427,0.381949782371521,0.04468340054154396,0.6194944381713867,0.31245529651641846,0.03877977654337883,0.5712279081344604,0.29418373107910156,0.021052351221442223,0.5247355103492737,0.3025270104408264,0.007865730673074722,0.7006309628486633,0.3715400993824005,0.008709397166967392,0.6360916495323181,0.2954075038433075,-0.0010952919255942106,0.586382269859314,0.2755781412124634,-0.012163431383669376,0.5390281081199646,0.2797542214393616,-0.019808795303106308,0.7188719511032104,0.3763725161552429,-0.02761540189385414,0.656696617603302,0.3147735595703125,-0.0365501344203949,0.6139397621154785,0.2864227890968323,-0.041312266141176224,0.572860836982727,0.2681659162044525,-0.045805979520082474
0.8092399835586548,0.6398424506187439,-1.075220694701784e-07,0.734620213508606,0.6310210227966309,0.010522152297198772,0.6541879773139954,0.5651988387107849,0.015860656276345253,0.5940925478935242,0.5438471436500549,0.011228007264435291,0.5421349406242371,0.5722948312759399,0.005278884433209896,0.6683574914932251,0.40938201546669006,0.054437294602394104,0.6129388809204102,0.35246455669403076,0.049716297537088394,0.5707370042800903,0.33091750741004944,0.036748986691236496,0.5323684811592102,0.3242596983909607,0.024660225957632065,0.6831554770469666,0.3848111033439636,0.03214922919869423,0.6221498250961304,0.315049946308136,0.023714903742074966,0.5738714337348938,0.29390770196914673,0.007987664081156254,0.5264351963996887,0.2943457067012787,-0.003086366690695286,0.7046716213226318,0.3759714365005493,0.004954071715474129,0.6417053937911987,0.2984292209148407,-0.007631110493093729,0.5920875668525696,0.2749732434749603,-0.016795523464679718,0.5440325140953064,0.2732085585594177,-0.021883150562644005,0.7249872088432312,0.3822118639945984,-0.02332262694835663,0.6620175242424011,0.3184448480606079,-0.035077814012765884,0.6187576055526733,0.29009491205215454,-0.0390559546649456,0.5776323080062866,0.27511686086654663,-0.04149555787444115
0.8146744966506958,0.6462610960006714,-7.605786578324114e-08,0.7356712818145752,0.635246753692627,0.022981775924563408,0.6546248197555542,0.5734977722167969,0.03186625614762306,0.5951260328292847,0.5545225739479065,0.026557594537734985,0.5405206680297852,0.584302544593811,0.018928462639451027,0.669203519821167,0.41218844056129456,0.07422929257154465,0.6123276352882385,0.35753709077835083,0.07221375405788422,0.5690541863441467,0.3341817259788513,0.059293247759342194,0.5293724536895752,0.3282078206539154,0.04606696218252182,0.6861212253570557,0.3872806131839752,0.04207632318139076,0.6232497096061707,0.31962573528289795,0.034498825669288635,0.5734295845031738,0.29868894815444946,0.017080111429095268,0.5230341553688049,0.30157941579818726,0.004695803392678499,0.708551287651062,0.37855929136276245,0.004773215390741825,0.6436094641685486,0.305305540561676,-0.0086430124938488,0.5934224128723145,0.2823296785354614,-0.017933519557118416,0.542182207107544,0.2811260223388672,-0.023230159655213356,0.7287530899047852,0.3872848153114319,-0.033049922436475754,0.6652399897575378,0.3282691240310669,-0.04739310219883919,0.6219491362571716,0.29846370220184326,-0.05247259885072708,0.5786148309707642,0.27939271926879883,-0.055712610483169556
0.8146830201148987,0.6526264548301697,-4.952356391640933e-08,0.7300824522972107,0.6368892788887024,0.02084840089082718,0.652469277381897,0.5750666856765747,0.028466863557696342,0.5928930640220642,0.5591561198234558,0.022649025544524193,0.537509024143219,0.5846821069717407,0.014718648977577686,0.6698088049888611,0.4193092882633209,0.07327521592378616,0.6120679974555969,0.36105263233184814,0.07151664048433304,0.5696525573730469,0.33876144886016846,0.057635340839624405,0.5293046832084656,0.3316648006439209,0.043708235025405884,0.6854652166366577,0.39396247267723083,0.04319373145699501,0.6221792101860046,0.3237265348434448,0.036185696721076965,0.5723751187324524,0.3019946813583374,0.01707824319601059,0.5240625143051147,0.3039025366306305,0.0025818527210503817,0.7064740657806396,0.38478103280067444,0.008021819405257702,0.6412432193756104,0.3063894510269165,-0.0030235182493925095,0.5903922915458679,0.28321176767349243,-0.014191958121955395,0.541376531124115,0.28296220302581787,-0.021845625713467598,0.7259901762008667,0.3927202820777893,-0.027832314372062683,0.6628309488296509,0.3288004696369171,-0.03823158144950867,0.618701159954071,0.29991641640663147,-0.042862970381975174,0.5759389996528625,0.2839885950088501,-0.04698766767978668
0.8122947216033936,0.65908282995224,-9.522020860686098e-08,0.7308508157730103,0.6434330940246582,0.009421160444617271,0.6521154046058655,0.576431393623352,0.012939699925482273,0.5913820266723633,0.5580086708068848,0.006620594300329685,0.537730872631073,0.5846008062362671,-0.000792094913776964,0.6696890592575073,0.42171794176101685,0.053429100662469864,0.6120544672012329,0.3600640296936035,0.04637527838349342,0.5697706341743469,0.33974865078926086,0.030905291438102722,0.5293344259262085,0.3339156210422516,0.017230696976184845,0.6848965883255005,0.39610692858695984,0.03147870674729347,0.6215549111366272,0.3259584307670593,0.021352386102080345,0.5735809206962585,0.304665744304657,0.003297385759651661,0.5270811915397644,0.3035106956958771,-0.009940426796674728,0.7059696316719055,0.3866177797317505,0.0044530532322824,0.6401293277740479,0.3077927827835083,-0.0078019043430686,0.5893763303756714,0.2846434712409973,-0.018567290157079697,0.5423517227172852,0.2825288772583008,-0.02540501393377781,0.7258758544921875,0.3912075459957123,-0.023810461163520813,0.6612979173660278,0.3268294930458069,-0.03349463269114494,0.616599440574646,0.2991785407066345,-0.03747570887207985,0.575356125831604,0.2844144105911255,-0.040699489414691925
0.81378573179245,0.6587545275688171,-7.028087622984458e-08,0.7313514947891235,0.6422910094261169,0.018549099564552307,0.652367115020752,0.5779707431793213,0.025848692283034325,0.5921638607978821,0.5603972673416138,0.02038758620619774,0.537258505821228,0.5881971120834351,0.01311588753014803,0.6699446439743042,0.4201318323612213,0.07130113244056702,0.611714780330658,0.36158114671707153,0.07019968330860138,0.5696454048156738,0.34027862548828125,0.05722908303141594,0.5298104286193848,0.33319056034088135,0.04412955045700073,0.6861211061477661,0.39447635412216187,0.043058060109615326,0.6217122673988342,0.3254190683364868,0.03734109550714493,0.572689414024353,0.3037492632865906,0.019562572240829468,0.5255419611930847,0.3054051399230957,0.006028585601598024,0.7072651386260986,0.38519734144210815,0.009631202556192875,0.6406294703483582,0.3080441355705261,-0.0003608961123973131,0.5892187356948853,0.28491103649139404,-0.010713597759604454,0.5408199429512024,0.28476089239120483,-0.01766614057123661,0.7265611290931702,0.39254051446914673,-0.024652596563100815,0.6598899364471436,0.32923728227615356,-0.03374364972114563,0.6149503588676453,0.30194443464279175,-0.03732423856854439,0.5729631185531616,0.28794026374816895,-0.040559735149145126
0.8094649910926819,0.6594573259353638,-8.889833935654678e-08,0.7301973700523376,0.6463119387626648,0.0059939417988061905,0.6531877517700195,0.5791307091712952,0.007280969526618719,0.5919279456138611,0.5597702264785767,-0.000428806699346751,0.5379393100738525,0.5860403180122375,-0.009086555801331997,0.6684165596961975,0.42465150356292725,0.04771285504102707,0.6114556789398193,0.362339586019516,0.03853273764252663,0.5695310831069946,0.3418319523334503,0.021408218890428543,0.5294522047042847,0.33551138639450073,0.006411316338926554,0.6837825179100037,0.39928221702575684,0.0270701851695776,0.6210222244262695,0.3281658887863159,0.014499946497380733,0.5724347829818726,0.3065831959247589,-0.004825189244002104,0.5252634286880493,0.30588728189468384,-0.019137121737003326,0.7055246233940125,0.3908355236053467,0.0012584353098645806,0.6404763460159302,0.31157082319259644,-0.012552225962281227,0.590797483921051,0.2889257073402405,-0.024138599634170532,0.5439594388008118,0.28674250841140747,-0.03195028379559517,0.7262536287307739,0.3967539370059967,-0.02602594718337059,0.6650813817977905,0.3352125883102417,-0.0369301475584507,0.6224101781845093,0.307241290807724,-0.04201650619506836,0.582208514213562,0.29042333364486694,-0.046391282230615616
0.8098978996276855,0.6586493253707886,-1.1016703638233594e-07,0.7333358526229858,0.647181510925293,0.010855816304683685,0.6533334255218506,0.5786917209625244,0.015002121217548847,0.5921541452407837,0.5588041543960571,0.008715738542377949,0.5379248857498169,0.5857546925544739,0.0012360302498564124,0.6704634428024292,0.42024117708206177,0.05651241913437843,0.6135793328285217,0.36136019229888916,0.050918128341436386,0.5710935592651367,0.34224647283554077,0.03576301038265228,0.5307310819625854,0.338003009557724,0.021637490019202232,0.6853579878807068,0.3953259289264679,0.033034082502126694,0.6220706701278687,0.32680296897888184,0.023729592561721802,0.57329261302948,0.3066953420639038,0.005342800170183182,0.5259221196174622,0.30831992626190186,-0.00853743962943554,0.7062485814094543,0.3870368003845215,0.004446652717888355,0.6409003734588623,0.30912211537361145,-0.007789270021021366,0.5902939438819885,0.287614643573761,-0.018797358497977257,0.5425994396209717,0.28789234161376953,-0.02619100734591484,0.7252538204193115,0.39420086145401,-0.025339683517813683,0.6607310175895691,0.3326566815376282,-0.03589953854680061,0.6164955496788025,0.30581343173980713,-0.04068591445684433,0.5751269459724426,0.29091477394104004,-0.04475724697113037
0.8133163452148438,0.6520246267318726,-1.3400726572854182e-07,0.740030825138092,0.6464754939079285,0.01271243765950203,0.6540783643722534,0.5768398642539978,0.01942482218146324,0.5924345254898071,0.5551130771636963,0.015239348635077477,0.5380070805549622,0.5856037139892578,0.009568787179887295,0.6719328761100769,0.4124036729335785,0.05932389572262764,0.6149652004241943,0.36148160696029663,0.05672352761030197,0.5722430944442749,0.34206387400627136,0.045145872980356216,0.5333219766616821,0.3361964523792267,0.03346389904618263,0.6876559257507324,0.3871456980705261,0.03517669066786766,0.6229513883590698,0.3243218660354614,0.027794061228632927,0.5740177035331726,0.3049331307411194,0.012610265985131264,0.5247368812561035,0.30817437171936035,0.002252458594739437,0.7095962762832642,0.3801632821559906,0.006064539309591055,0.6423482894897461,0.30984780192375183,-0.0069829304702579975,0.5915889143943787,0.2883489727973938,-0.014946224167943,0.5413064956665039,0.2887600362300873,-0.01854019984602928,0.7284108996391296,0.3905455768108368,-0.023990686982870102,0.6593416929244995,0.3325691819190979,-0.03734089434146881,0.6144985556602478,0.3047938942909241,-0.04120362550020218,0.5716618895530701,0.2889050543308258,-0.04281695559620857
0.8155052661895752,0.6577086448669434,-9.245633947330134e-08,0.7300158143043518,0.6396105885505676,0.021536147221922874,0.6519619226455688,0.5769999623298645,0.02889019064605236,0.5926256775856018,0.5597425699234009,0.022682776674628258,0.5375765562057495,0.5849784016609192,0.014396133832633495,0.6704968214035034,0.42269229888916016,0.07235308736562729,0.611507773399353,0.3657084107398987,0.06786064803600311,0.5694553852081299,0.3454780578613281,0.05137375742197037,0.5290385484695435,0.34080731868743896,0.03584593906998634,0.6863280534744263,0.3969278931617737,0.04142409935593605,0.622382402420044,0.32866156101226807,0.031065478920936584,0.5723150372505188,0.3087844252586365,0.009382693096995354,0.5238405466079712,0.3148874342441559,-0.006369263865053654,0.7077542543411255,0.3888862133026123,0.005462064407765865,0.6417023539543152,0.31321635842323303,-0.007214647252112627,0.5915194749832153,0.2920781970024109,-0.019462278112769127,0.5426592826843262,0.29200536012649536,-0.027611827477812767,0.7282959222793579,0.39819133281707764,-0.03112279437482357,0.6665516495704651,0.33537745475769043,-0.04239138960838318,0.6227600574493408,0.3060549199581146,-0.04778868332505226,0.5797834992408752,0.2873759865760803,-0.05234842374920845
0.8179158568382263,0.6585065126419067,-1.0696974328539e-07,0.7339537143707275,0.6425628066062927,0.029336901381611824,0.6531102061271667,0.5802711248397827,0.04232362285256386,0.594944953918457,0.5574871897697449,0.0399729385972023,0.5405322909355164,0.580538272857666,0.035086143761873245,0.6731602549552917,0.4244443476200104,0.08572298288345337,0.6138234734535217,0.3683322072029114,0.08854274451732635,0.5717246532440186,0.3476797342300415,0.07760869711637497,0.5314770936965942,0.3421107530593872,0.06564266234636307,0.688471794128418,0.3980467915534973,0.05217676982283592,0.6227974891662598,0.32836997509002686,0.049564559012651443,0.5734345316886902,0.3074975609779358,0.032618824392557144,0.5260031223297119,0.3117028474807739,0.019801758229732513,0.7082350850105286,0.3886091709136963,0.013848426751792431,0.6409319639205933,0.3103972375392914,0.006192659493535757,0.5897461771965027,0.28749921917915344,-0.0028830808587372303,0.5410922765731812,0.2878272533416748,-0.009096593596041203,0.726050078868866,0.39530253410339355,-0.024611881002783775,0.6578547358512878,0.33101776242256165,-0.03265629708766937,0.6129541397094727,0.30389031767845154,-0.035205014050006866,0.5704468488693237,0.28838086128234863,-0.037642739713191986
0.814520001411438,0.656876802444458,-1.376237008798853e-07,0.734950065612793,0.6440353393554688,0.018930932506918907,0.6549546122550964,0.5798671245574951,0.027376756072044373,0.5951353311538696,0.5574472546577454,0.023441409692168236,0.5418788194656372,0.5783159732818604,0.017722802236676216,0.6732088923454285,0.4239285886287689,0.0685654953122139,0.6154313683509827,0.36606618762016296,0.06616119295358658,0.5739760994911194,0.3475610911846161,0.052734293043613434,0.5344344973564148,0.3438636064529419,0.03975767642259598,0.6880444288253784,0.3976074755191803,0.041168149560689926,0.6234108209609985,0.32667988538742065,0.034195445477962494,0.5746231079101562,0.3071122169494629,0.016547827050089836,0.5277004241943359,0.31140193343162537,0.0032488559372723103,0.7078841924667358,0.3881942629814148,0.008789521642029285,0.6412178874015808,0.30812013149261475,-0.0016806223429739475,0.5901497602462769,0.2871347963809967,-0.01215932797640562,0.5423292517662048,0.28938931226730347,-0.019364234060049057,0.7255837321281433,0.39382582902908325,-0.02424602024257183,0.6580592393875122,0.3334216773509979,-0.03370741754770279,0.6129554510116577,0.3084709644317627,-0.037804171442985535,0.5706980228424072,0.29505765438079834,-0.04152364656329155
0.8139556646347046,0.6571233868598938,-1.4944428983199032e-07,0.7366023063659668,0.6456168293952942,0.011023229919373989,0.6565107703208923,0.5768647789955139,0.017006803303956985,0.5960156321525574,0.5535482168197632,0.01300767157226801,0.5425815582275391,0.5762530565261841,0.007740503177046776,0.6744527816772461,0.42606019973754883,0.05512414127588272,0.6157552599906921,0.3685903251171112,0.05037109553813934,0.5729066133499146,0.34859615564346313,0.03694068267941475,0.5326902270317078,0.3417827785015106,0.024320421740412712,0.6891483068466187,0.3992769718170166,0.03275277838110924,0.624420166015625,0.33017444610595703,0.023589206859469414,0.5753672122955322,0.30944252014160156,0.0063874986954033375,0.5277209281921387,0.3109838366508484,-0.0060961185954511166,0.709604799747467,0.3891995847225189,0.005537443328648806,0.6426610946655273,0.31136053800582886,-0.007114178966730833,0.591340959072113,0.28949612379074097,-0.017912715673446655,0.5427365899085999,0.2891678214073181,-0.024569816887378693,0.7280325889587402,0.3936239778995514,-0.02262943983078003,0.6597515940666199,0.3327149748802185,-0.03387603536248207,0.6145447492599487,0.307758092880249,-0.038490138947963715,0.5725761651992798,0.2951183617115021,-0.041878215968608856
0.8160426020622253,0.6494990587234497,-1.385066212833408e-07,0.7431024312973022,0.644318699836731,0.01506401039659977,0.6579104661941528,0.5765947699546814,0.02395712584257126,0.5974480509757996,0.5517637729644775,0.02149699255824089,0.5441677570343018,0.5789567828178406,0.017317820340394974,0.6746658682823181,0.4176190495491028,0.06249936670064926,0.6182424426078796,0.36705151200294495,0.06099611148238182,0.5756388902664185,0.3468325138092041,0.05101575329899788,0.537368893623352,0.34049761295318604,0.04087722674012184,0.6904683709144592,0.3913828134536743,0.03777357563376427,0.6264119148254395,0.32572317123413086,0.031232694163918495,0.5777177214622498,0.30647337436676025,0.017912263050675392,0.5289101004600525,0.31045103073120117,0.009530026465654373,0.7125055193901062,0.383120059967041,0.00806964561343193,0.6455832719802856,0.3111497461795807,-0.004974174778908491,0.5947545170783997,0.2901458144187927,-0.011714741587638855,0.5445469617843628,0.2916988134384155,-0.013781807385385036,0.7312901616096497,0.39207422733306885,-0.022364836186170578,0.6597120761871338,0.33477258682250977,-0.036044370383024216,0.6139748692512512,0.30893152952194214,-0.039363034069538116,0.5706360936164856,0.29486769437789917,-0.03999561071395874
0.8139715194702148,0.6558815240859985,-1.4340659504341602e-07,0.7390867471694946,0.6456709504127502,0.012145132757723331,0.6569614410400391,0.5772119760513306,0.01889319345355034,0.5968000888824463,0.5544034838676453,0.015315024182200432,0.5440289378166199,0.5797433257102966,0.01021274272352457,0.6751706600189209,0.42218947410583496,0.05569074675440788,0.6176121234893799,0.3701900541782379,0.05114686116576195,0.5741004347801208,0.35005635023117065,0.03774627670645714,0.5342822074890137,0.34314021468162537,0.024779852479696274,0.6905446648597717,0.3963997960090637,0.03200453519821167,0.6262807250022888,0.3297463059425354,0.021654173731803894,0.5764155387878418,0.3103117346763611,0.004181582480669022,0.5274193286895752,0.3150177597999573,-0.00780697725713253,0.7122879028320312,0.38745492696762085,0.003572058631107211,0.6449105739593506,0.31386563181877136,-0.010915773920714855,0.5942416191101074,0.29294726252555847,-0.021475477144122124,0.5442391037940979,0.29378435015678406,-0.02720344252884388,0.7317217588424683,0.3949393630027771,-0.025730030611157417,0.665246307849884,0.33592694997787476,-0.039560701698064804,0.6206977963447571,0.3082199692726135,-0.04519130662083626,0.5775312185287476,0.29207301139831543,-0.04867256432771683
0.8184657096862793,0.6523740887641907,-1.7450645373173757e-07,0.7468591332435608,0.6470321416854858,0.015275061130523682,0.6594865918159485,0.5782917141914368,0.024599626660346985,0.5990414619445801,0.5541821718215942,0.022718926891684532,0.5463348627090454,0.5833449363708496,0.01916009746491909,0.6770923733711243,0.42010506987571716,0.05999671667814255,0.6196205615997314,0.3720727562904358,0.056958477944135666,0.5764497518539429,0.35230499505996704,0.04583544656634331,0.5382523536682129,0.3469698429107666,0.03482082486152649,0.6930675506591797,0.39307641983032227,0.03466076776385307,0.628551721572876,0.32789766788482666,0.025398755446076393,0.5788732767105103,0.31003397703170776,0.010833894833922386,0.5295544862747192,0.32004183530807495,0.002256919862702489,0.7154138088226318,0.38547283411026,0.0045471638441085815,0.6478950381278992,0.31400975584983826,-0.010820404626429081,0.596802830696106,0.29536640644073486,-0.018148018047213554,0.5455446839332581,0.3008574843406677,-0.019976291805505753,0.7343273162841797,0.39731690287590027,-0.026174558326601982,0.6645082235336304,0.33986806869506836,-0.04219485819339752,0.6195381879806519,0.31378859281539917,-0.046513281762599945,0.5757992267608643,0.30011680722236633,-0.04739803820848465
0.8181835412979126,0.6583271622657776,-1.3609940197056858e-07,0.7413904666900635,0.6480728387832642,0.017366638407111168,0.6583895683288574,0.5811290144920349,0.026551904156804085,0.5983920097351074,0.5592300295829773,0.023653095588088036,0.544991135597229,0.5882498025894165,0.018852222710847855,0.6759955286979675,0.42769360542297363,0.06729917228221893,0.6185089945793152,0.37516850233078003,0.06563302129507065,0.5761997699737549,0.3547302484512329,0.05311628803610802,0.5370429158210754,0.34904593229293823,0.040534455329179764,0.6921648979187012,0.40133121609687805,0.040454842150211334,0.6288800239562988,0.3349791169166565,0.03300338238477707,0.579588770866394,0.3146928548812866,0.01580582745373249,0.530460000038147,0.3209773004055023,0.003826938336715102,0.7143200635910034,0.3919360637664795,0.00862838327884674,0.6486915349960327,0.31821367144584656,-0.004289083648473024,0.5979998707771301,0.29678964614868164,-0.014240546151995659,0.5471556186676025,0.300245076417923,-0.019553182646632195,0.7338767051696777,0.39874422550201416,-0.023849554359912872,0.6663087010383606,0.33927062153816223,-0.03702079504728317,0.6218900680541992,0.3123941421508789,-0.04181216284632683,0.5781503319740295,0.29885977506637573,-0.04460541158914566
0.8144551515579224,0.6718961000442505,-1.1187728432560107e-07,0.7378571629524231,0.6572878360748291,0.008567938581109047,0.6590343117713928,0.5885618925094604,0.012582898139953613,0.5983768701553345,0.565819501876831,0.006874352693557739,0.5447351932525635,0.5904404520988464,-3.842196019832045e-05,0.6761677861213684,0.43624740839004517,0.053435031324625015,0.619337797164917,0.37759891152381897,0.04662375524640083,0.576784074306488,0.3553013205528259,0.030735859647393227,0.5366225242614746,0.34738796949386597,0.016255272552371025,0.6913744807243347,0.41122397780418396,0.03172028437256813,0.6294714212417603,0.3419921398162842,0.020369306206703186,0.5810773968696594,0.3203796446323395,0.0010584384435787797,0.533029317855835,0.32074856758117676,-0.012879700399935246,0.7124238610267639,0.4010372757911682,0.004914326127618551,0.648285984992981,0.32362592220306396,-0.008839709684252739,0.598629891872406,0.30038100481033325,-0.0206613689661026,0.5504264235496521,0.2999034523963928,-0.027996184304356575,0.7322804927825928,0.4049741327762604,-0.023186413571238518,0.6691135764122009,0.34284815192222595,-0.035079002380371094,0.6251136064529419,0.3147328495979309,-0.040646594017744064,0.5827106237411499,0.30027544498443604,-0.04481569677591324
0.8089879155158997,0.6776467561721802,-1.1090094886867519e-07,0.73572838306427,0.6680115461349487,0.0010414986172690988,0.661293625831604,0.6058779954910278,-0.0013981566298753023,0.600365161895752,0.5812873840332031,-0.011560864746570587,0.545964241027832,0.6033114194869995,-0.02231544815003872,0.6769437789916992,0.4465964436531067,0.03756540268659592,0.6194100379943848,0.38312673568725586,0.025063494220376015,0.5742096900939941,0.36327582597732544,0.007149338256567717,0.5341217517852783,0.36167237162590027,-0.007306375075131655,0.6911677718162537,0.42371100187301636,0.01966773346066475,0.6275953054428101,0.3502231240272522,0.004941713996231556,0.5781896710395813,0.3324519395828247,-0.012937437742948532,0.5308066606521606,0.33543074131011963,-0.02539304457604885,0.7096913456916809,0.4138624668121338,-0.0034727801103144884,0.6432902812957764,0.33176761865615845,-0.01947375014424324,0.592774510383606,0.31142330169677734,-0.029877109453082085,0.5464668273925781,0.3154832124710083,-0.03588082641363144,0.7262965440750122,0.41749584674835205,-0.028304314240813255,0.6623597145080566,0.35670265555381775,-0.04106641933321953,0.6193257570266724,0.3325744569301605,-0.04584332928061485,0.5797955989837646,0.32341432571411133,-0.04905421659350395
0.8097629547119141,0.7111806273460388,-4.5645947466255166e-08,0.7357023358345032,0.6996360421180725,-0.005023748613893986,0.6605488657951355,0.6369003653526306,-0.012199916876852512,0.5994330048561096,0.616725742816925,-0.025906618684530258,0.5440055727958679,0.6361627578735352,-0.039832357317209244,0.6727892160415649,0.470924437046051,0.02775050513446331,0.6188676357269287,0.40488240122795105,0.012363101355731487,0.5732969641685486,0.3813523054122925,-0.007172305136919022,0.5314200520515442,0.3780171871185303,-0.0226819459348917,0.6895685195922852,0.4481862187385559,0.01179424673318863,0.6298924088478088,0.37206220626831055,-0.004688798915594816,0.5801161527633667,0.351604700088501,-0.0232404712587595,0.531589150428772,0.3498050570487976,-0.03621387481689453,0.7102078199386597,0.4403534531593323,-0.009409870952367783,0.6479160785675049,0.3576425313949585,-0.025768540799617767,0.5971328020095825,0.334024578332901,-0.03610635921359062,0.5502355694770813,0.33350515365600586,-0.04222569614648819,0.729750394821167,0.4490562677383423,-0.03289129212498665,0.6718830466270447,0.38229095935821533,-0.04567423835396767,0.6284219026565552,0.3529922366142273,-0.05057639256119728,0.5888307094573975,0.3418530225753784,-0.05381067842245102
0.8151169419288635,0.7523221373558044,-5.438001338120557e-08,0.7477373480796814,0.7484754920005798,-0.007888532243669033,0.6691206097602844,0.6836516857147217,-0.014685493893921375,0.6071500182151794,0.6587937474250793,-0.026991475373506546,0.5513772368431091,0.6719697713851929,-0.039372485131025314,0.6788002252578735,0.5060863494873047,0.02166430652141571,0.6255847215652466,0.43143725395202637,0.006034445017576218,0.5792571306228638,0.3999481499195099,-0.01202116347849369,0.5377171039581299,0.38920706510543823,-0.026211164891719818,0.6974018216133118,0.4833751916885376,0.006995853502303362,0.6388279795646667,0.39471888542175293,-0.009748141281306744,0.5889122486114502,0.36702966690063477,-0.027075717225670815,0.5396540760993958,0.35924655199050903,-0.038695186376571655,0.7209590077400208,0.47456344962120056,-0.012856891378760338,0.6604605317115784,0.38282257318496704,-0.030364396050572395,0.6088810563087463,0.3508853018283844,-0.040753066539764404,0.5600144863128662,0.34154072403907776,-0.046400025486946106,0.7439969778060913,0.48002010583877563,-0.03505845367908478,0.6858156323432922,0.40556448698043823,-0.04996766149997711,0.6404263973236084,0.3683663010597229,-0.05604022368788719,0.5988286733627319,0.3504639267921448,-0.05948556214570999
0.8253694176673889,0.7914888858795166,3.11092342997199e-08,0.7523366212844849,0.7801060676574707,-0.013821479864418507,0.6798690557479858,0.722263753414154,-0.030342262238264084,0.6185252070426941,0.7063643932342529,-0.05070292204618454,0.5626317262649536,0.724839985370636,-0.07178572565317154,0.6848976612091064,0.5308860540390015,0.00020471905008889735,0.6287067532539368,0.451152503490448,-0.02392486110329628,0.5838651657104492,0.4198729395866394,-0.04780987650156021,0.5409396886825562,0.4039773941040039,-0.06592972576618195,0.7060509920120239,0.510246753692627,-0.013863366097211838,0.6441431045532227,0.4148302674293518,-0.03856782615184784,0.592888355255127,0.3825927972793579,-0.06052675470709801,0.543928325176239,0.36935973167419434,-0.0753953829407692,0.7338845133781433,0.5083948373794556,-0.03230367973446846,0.6732519865036011,0.4050694704055786,-0.05372646078467369,0.6219739317893982,0.36737489700317383,-0.06647828221321106,0.5743644833564758,0.35034289956092834,-0.07438099384307861,0.7651180624961853,0.5239855647087097,-0.053172703832387924,0.7179200053215027,0.44013142585754395,-0.06998904049396515,0.6757317781448364,0.39740344882011414,-0.07734648138284683,0.6347036957740784,0.37312427163124084,-0.0820297822356224
0.8438677191734314,0.8737501502037048,1.2904230572985398e-07,0.7737105488777161,0.8582584857940674,-0.022305119782686234,0.701170802116394,0.8028291463851929,-0.04383707419037819,0.639126181602478,0.7979772090911865,-0.0668230950832367,0.5852828025817871,0.8186221122741699,-0.09092122316360474,0.7048519253730774,0.6029608249664307,-0.020519442856311798,0.6531955003738403,0.5017219185829163,-0.051051437854766846,0.6115971207618713,0.45392298698425293,-0.07850778102874756,0.5721379518508911,0.4200371503829956,-0.09840001910924911,0.7292486429214478,0.5860081315040588,-0.031190209090709686,0.6701375246047974,0.47598573565483093,-0.05909901112318039,0.6228286623954773,0.4211811423301697,-0.08241596072912216,0.577575147151947,0.3811159133911133,-0.09890273213386536,0.762825608253479,0.588501513004303,-0.0459609180688858,0.710320770740509,0.47829771041870117,-0.07014185190200806,0.6707893013954163,0.42606839537620544,-0.0827367827296257,0.6330567598342896,0.3873288035392761,-0.09058868885040283,0.8023361563682556,0.606599748134613,-0.0636395663022995,0.7653588056564331,0.5121023654937744,-0.08229660242795944,0.7323430180549622,0.46015918254852295,-0.08834441006183624,0.6990163922309875,0.42143306136131287,-0.09190291911363602
0.870011568069458,0.9434555768966675,9.780482201904306e-08,0.8068937659263611,0.948951005935669,-0.02044040337204933,0.740818977355957,0.9289764761924744,-0.043152566999197006,0.6892825961112976,0.9319964647293091,-0.06736370176076889,0.6471526622772217,0.9568349719047546,-0.09243646264076233,0.7194244861602783,0.6955687403678894,-0.02147218957543373,0.678372323513031,0.5865424871444702,-0.05095227435231209,0.6459630131721497,0.5491606593132019,-0.07815766334533691,0.6167952418327332,0.5345325469970703,-0.09593285620212555,0.7468868494033813,0.6740142703056335,-0.031402308493852615,0.6983837485313416,0.5619144439697266,-0.05330844223499298,0.6592319011688232,0.5204603672027588,-0.07138294726610184,0.6263601779937744,0.5063841938972473,-0.08414562046527863,0.7814534902572632,0.6736960411071777,-0.045466240495443344,0.7358659505844116,0.5704331994056702,-0.06190600246191025,0.6988160610198975,0.5304903984069824,-0.06902828067541122,0.6681644916534424,0.5097638368606567,-0.07433195412158966,0.8210771083831787,0.6927145719528198,-0.06269367039203644,0.7904476523399353,0.6106962561607361,-0.07471826672554016,0.761722207069397,0.5695518851280212,-0.07563840597867966,0.7338025569915771,0.5432101488113403,-0.07555633783340454
0.21697816252708435,0.9231373071670532,5.093190225124999e-07,0.2753172218799591,0.8813691139221191,-0.013084596954286098,0.33450576663017273,0.8119282126426697,-0.029857300221920013,0.39012610912323,0.7939282655715942,-0.05003473162651062,0.44184720516204834,0.7942918539047241,-0.07209155708551407,0.2998497486114502,0.6519373059272766,-0.018707342445850372,0.338296115398407,0.5464718341827393,-0.05364459380507469,0.3840502202510834,0.5018256306648254,-0.08163245022296906,0.42847469449043274,0.4849730134010315,-0.09945026785135269,0.2819698750972748,0.6485534310340881,-0.033887509256601334,0.32483595609664917,0.523277759552002,-0.06457081437110901,0.3757190704345703,0.4780162572860718,-0.08833830803632736,0.4228210747241974,0.46975481510162354,-0.10402297228574753,0.2622216045856476,0.6662791967391968,-0.05271086469292641,0.30350619554519653,0.542100727558136,-0.08104191720485687,0.3521936237812042,0.49818432331085205,-0.09770467132329941,0.39830729365348816,0.487485408782959,-0.1072157472372055,0.24359804391860962,0.7016510367393494,-0.07321286201477051,0.2735677659511566,0.6077510118484497,-0.09676207602024078,0.3083833158016205,0.5595370531082153,-0.10719162970781326,0.3422117829322815,0.5355844497680664,-0.11327206343412399
0.20402133464813232,0.8180215954780579,7.380200486295507e-07,0.29421383142471313,0.7594432830810547,0.011452739126980305,0.3625223636627197,0.6963716149330139,0.005904572084546089,0.4169703722000122,0.6812404990196228,-0.00891412328928709,0.46721649169921875,0.692495584487915,-0.026191316545009613,0.3192804157733917,0.5439767837524414,0.023831168189644814,0.36745890974998474,0.4671884775161743,0.003577519441023469,0.41435369849205017,0.42857804894447327,-0.01870366744697094,0.4581056535243988,0.40949931740760803,-0.03430154174566269,0.3002312481403351,0.5364441871643066,0.00037982797948643565,0.3559965491294861,0.44565317034721375,-0.018532387912273407,0.409708172082901,0.4119555354118347,-0.04024863988161087,0.46033087372779846,0.4054570198059082,-0.05565614253282547,0.28427743911743164,0.5434017181396484,-0.025446565821766853,0.3427863121032715,0.45040619373321533,-0.04416407644748688,0.39884644746780396,0.42343801259994507,-0.05973731353878975,0.45019078254699707,0.4236459732055664,-0.06899998337030411,0.2740258276462555,0.5669069290161133,-0.05147700384259224,0.325439453125,0.4906405210494995,-0.06591568142175674,0.3711279332637787,0.45528167486190796,-0.07297233492136002,0.41253653168678284,0.4407092332839966,-0.07698831707239151
0.21792852878570557,0.7347093820571899,5.854575988450961e-07,0.304141640663147,0.7095165848731995,0.02023490145802498,0.37310895323753357,0.6602526307106018,0.021097084507346153,0.4270952343940735,0.6567384600639343,0.012263589538633823,0.4779684543609619,0.6818303465843201,0.0015279443468898535,0.33736452460289,0.47884663939476013,0.033384550362825394,0.3926631808280945,0.4162936210632324,0.022019818425178528,0.4389352798461914,0.39260333776474,0.007678091060370207,0.4790288805961609,0.38548821210861206,-0.003162845503538847,0.32036665081977844,0.46717530488967896,0.007812142837792635,0.38545700907707214,0.39353621006011963,-0.002675460185855627,0.43867409229278564,0.3760569095611572,-0.015908563509583473,0.48407381772994995,0.3806455731391907,-0.025990543887019157,0.3078940212726593,0.47389325499534607,-0.019569789990782738,0.3763028383255005,0.39844292402267456,-0.030935583636164665,0.4309364855289459,0.3841592073440552,-0.03967006504535675,0.47643914818763733,0.38820624351501465,-0.045772381126880646,0.30367618799209595,0.49743780493736267,-0.04671263322234154,0.36169296503067017,0.4341997504234314,-0.05661391839385033,0.40673160552978516,0.4103282690048218,-0.06013514846563339,0.44464975595474243,0.3996357321739197,-0.06252039223909378
0.23439282178878784,0.6989522576332092,5.05675416206941e-07,0.31332215666770935,0.6843831539154053,0.013056247495114803,0.3832673132419586,0.6391385197639465,0.012650880962610245,0.437355637550354,0.6335307359695435,0.003330155275762081,0.48683542013168335,0.6605472564697266,-0.007479398511350155,0.3607877790927887,0.4629315137863159,0.03277845308184624,0.415488600730896,0.4061504304409027,0.020712703466415405,0.45876267552375793,0.38896483182907104,0.0058130137622356415,0.49559104442596436,0.3859823942184448,-0.0050933267921209335,0.34606191515922546,0.44865673780441284,0.01073707640171051,0.4123515486717224,0.3821896016597748,-0.001507428241893649,0.4610626995563507,0.3694096505641937,-0.015344101004302502,0.5011234879493713,0.3778887689113617,-0.02484382502734661,0.33133235573768616,0.44761916995048523,-0.014198845252394676,0.4009570777416229,0.3790813684463501,-0.025957927107810974,0.45018962025642395,0.36693334579467773,-0.03427518531680107,0.490308940410614,0.3734482228755951,-0.039494067430496216,0.3196682035923004,0.4601121246814728,-0.03981262817978859,0.3776184916496277,0.4036330580711365,-0.048768941313028336,0.4194193184375763,0.3800755441188812,-0.05203661322593689,0.45496198534965515,0.36894237995147705,-0.05407311022281647
0.23686335980892181,0.6465416550636292,4.580479355809075e-07,0.3237032890319824,0.6450568437576294,0.02466765232384205,0.3949369490146637,0.6051035523414612,0.03306645527482033,0.44970232248306274,0.609207272529602,0.029878638684749603,0.4988112151622772,0.6433623433113098,0.024558842182159424,0.37655940651893616,0.43346908688545227,0.05304041877388954,0.4331631064414978,0.3888987898826599,0.04885178431868553,0.4736855626106262,0.3738749921321869,0.03872314468026161,0.509282648563385,0.3703495264053345,0.029766865074634552,0.3619511127471924,0.41216546297073364,0.025391189381480217,0.4298345446586609,0.35908621549606323,0.01920779049396515,0.4780234694480896,0.34750381112098694,0.0075772483833134174,0.5184729099273682,0.3562445342540741,-0.0011399303330108523,0.34598347544670105,0.4069693386554718,-0.005305937025696039,0.41808465123176575,0.34934601187705994,-0.01420145109295845,0.46827641129493713,0.340274453163147,-0.02273615077137947,0.5100409984588623,0.34491127729415894,-0.028676200658082962,0.3338182866573334,0.4170153737068176,-0.03592060133814812,0.3967638313770294,0.36498498916625977,-0.04575343802571297,0.4411734640598297,0.34554970264434814,-0.05098779499530792,0.4805167019367218,0.33635443449020386,-0.05469486862421036
0.24252073466777802,0.6407597064971924,4.6555510380130727e-07,0.32382410764694214,0.6485310196876526,0.014286335557699203,0.39810100197792053,0.6033779382705688,0.02018536813557148,0.4556425213813782,0.6032805442810059,0.016830990090966225,0.5037713050842285,0.6376973986625671,0.012517389841377735,0.3822464644908905,0.434187650680542,0.04519537091255188,0.4382101893424988,0.39068692922592163,0.03882886469364166,0.47990044951438904,0.37521079182624817,0.027047118172049522,0.5161730051040649,0.37034308910369873,0.017200613394379616,0.3669872283935547,0.4094254672527313,0.023148853331804276,0.4336480498313904,0.3591994643211365,0.015363586135208607,0.4814360737800598,0.3484724164009094,0.0034248470328748226,0.522946834564209,0.3536570072174072,-0.00521074840798974,0.3499915301799774,0.39977434277534485,-0.0029187065083533525,0.41991984844207764,0.3475811183452606,-0.013731676153838634,0.47017550468444824,0.33617979288101196,-0.022566229104995728,0.5130159258842468,0.3377991318702698,-0.02805340103805065,0.33610934019088745,0.4023776650428772,-0.029843419790267944,0.39880168437957764,0.355817973613739,-0.039662089198827744,0.4418475925922394,0.33377981185913086,-0.04453924298286438,0.4811738431453705,0.31999075412750244,-0.04801376909017563
0.24383267760276794,0.6349760890007019,4.6524144181603333e-07,0.32526424527168274,0.6461313962936401,0.0159404668956995,0.40034738183021545,0.6006789803504944,0.024714764207601547,0.45829707384109497,0.6009947657585144,0.024123715236783028,0.5061261057853699,0.6335169672966003,0.022899877279996872,0.3838154673576355,0.4289468824863434,0.05346105992794037,0.43816348910331726,0.3898870646953583,0.05012742802500725,0.48051297664642334,0.3762946128845215,0.03938465565443039,0.5161603689193726,0.3725976347923279,0.03002527914941311,0.37041333317756653,0.4033949077129364,0.03155331313610077,0.4386349022388458,0.36406275629997253,0.02627486176788807,0.48804524540901184,0.3579936921596527,0.014095203951001167,0.5300697088241577,0.36525583267211914,0.005105400923639536,0.3550485372543335,0.3920397162437439,0.005417441017925739,0.42662718892097473,0.34729743003845215,-0.003659019246697426,0.47816574573516846,0.3413315415382385,-0.013018789701163769,0.5213664770126343,0.3454303741455078,-0.019017886370420456,0.3427954614162445,0.39147716760635376,-0.02149539813399315,0.4077291190624237,0.34793129563331604,-0.030399825423955917,0.4519703686237335,0.3280499279499054,-0.03530002757906914,0.49231576919555664,0.3156718909740448,-0.03889548406004906
0.25159943103790283,0.6346725821495056,4.730559908239229e-07,0.3301768898963928,0.6487077474594116,0.009467760100960732,0.4070715010166168,0.6017530560493469,0.01499214768409729,0.4651618003845215,0.6013456583023071,0.012750671245157719,0.512671947479248,0.6358975172042847,0.0100499726831913,0.39310020208358765,0.43209919333457947,0.041097164154052734,0.4472450017929077,0.3902413249015808,0.03396180644631386,0.4888773560523987,0.37645477056503296,0.021953681483864784,0.524383544921875,0.37374448776245117,0.012302232906222343,0.3787929117679596,0.4074913263320923,0.022413646802306175,0.4456488788127899,0.36250123381614685,0.013974346220493317,0.4932762384414673,0.3548865020275116,0.001600163639523089,0.5359349846839905,0.3614574670791626,-0.006907738279551268,0.3621886670589447,0.39612773060798645,-0.0005244960775598884,0.4331620931625366,0.34529757499694824,-0.012265287339687347,0.48369717597961426,0.33816641569137573,-0.022178614512085915,0.5274643898010254,0.34317395091056824,-0.027904734015464783,0.34801480174064636,0.3954833447933197,-0.024478906765580177,0.41271883249282837,0.3526703715324402,-0.03467264398932457,0.45641428232192993,0.3340460956096649,-0.039941344410181046,0.4960593283176422,0.3233194947242737,-0.043421272188425064
0.25587770342826843,0.6414477825164795,4.748566766465956e-07,0.332673579454422,0.6542450189590454,0.007950928062200546,0.4103810787200928,0.604830265045166,0.012195717543363571,0.46831274032592773,0.602354884147644,0.008998082019388676,0.5163723826408386,0.6363334655761719,0.005340473260730505,0.3952364921569824,0.4305891990661621,0.03534567728638649,0.44975513219833374,0.3901405334472656,0.025940638035535812,0.49240702390670776,0.37706589698791504,0.013161069713532925,0.5286903977394104,0.37591761350631714,0.0030036401003599167,0.38008955121040344,0.4064646065235138,0.016814731061458588,0.44781002402305603,0.3621934652328491,0.005636357236653566,0.49637407064437866,0.3564510643482208,-0.007196810096502304,0.5400619506835938,0.36483410000801086,-0.015868058428168297,0.3632959723472595,0.39726588129997253,-0.005831121001392603,0.4355485439300537,0.3501073718070984,-0.020834358409047127,0.48696792125701904,0.3469700813293457,-0.03178102895617485,0.5315783619880676,0.3558671474456787,-0.0377507209777832,0.3488125503063202,0.3997129201889038,-0.029430978000164032,0.41546520590782166,0.36236804723739624,-0.04311833903193474,0.46094685792922974,0.3482244908809662,-0.05041564255952835,0.5018083453178406,0.34250789880752563,-0.05491510406136513
0.257050484418869,0.6422810554504395,4.839999974137754e-07,0.33646339178085327,0.6583768129348755,0.009933850727975368,0.41462913155555725,0.6093533039093018,0.015821784734725952,0.47440779209136963,0.6084001064300537,0.013330311514437199,0.5227675437927246,0.6420932412147522,0.01041636522859335,0.39811083674430847,0.4337613582611084,0.044056523591279984,0.45161372423171997,0.39162683486938477,0.03737755864858627,0.4944007694721222,0.37951359152793884,0.02501804195344448,0.5295530557632446,0.3800259828567505,0.014943720772862434,0.38394203782081604,0.40929141640663147,0.024849779903888702,0.45124566555023193,0.365339994430542,0.015980206429958344,0.5005701780319214,0.36175650358200073,0.0026015080511569977,0.543175458908081,0.3746422529220581,-0.0064783766865730286,0.3678675591945648,0.3990309238433838,0.0012651983415707946,0.44072964787483215,0.3517354130744934,-0.011383653618395329,0.49362820386886597,0.3490540385246277,-0.02264864556491375,0.5388132333755493,0.35947299003601074,-0.029040364548563957,0.3546093702316284,0.40071356296539307,-0.02335434779524803,0.42387911677360535,0.3643251657485962,-0.035025935620069504,0.4703229069709778,0.3487686216831207,-0.04199317470192909,0.5116926431655884,0.34218135476112366,-0.046461187303066254
0.2549705505371094,0.6467036008834839,4.682726739702048e-07,0.33946698904037476,0.6624369025230408,0.018245242536067963,0.4156244099140167,0.6160671710968018,0.02714787982404232,0.4742371737957001,0.6162732243537903,0.02582368813455105,0.5229644179344177,0.6497530937194824,0.023621508851647377,0.3986852467060089,0.43458855152130127,0.05639416724443436,0.4524886906147003,0.3957800567150116,0.05404975637793541,0.4944571852684021,0.38369685411453247,0.043252553790807724,0.5288709402084351,0.38259366154670715,0.03318769112229347,0.3843861222267151,0.40907829999923706,0.032529085874557495,0.4539056420326233,0.3698551654815674,0.02713898941874504,0.504047691822052,0.36828944087028503,0.013933888636529446,0.5463696122169495,0.38297224044799805,0.004152046516537666,0.36856383085250854,0.40098142623901367,0.004728253465145826,0.443070650100708,0.35680150985717773,-0.004588086623698473,0.49676716327667236,0.35695329308509827,-0.014894776977598667,0.5419288873672485,0.36833569407463074,-0.021815506741404533,0.3560728132724762,0.40759778022766113,-0.023620370775461197,0.4245776832103729,0.36895161867141724,-0.03334270417690277,0.4711402654647827,0.35444730520248413,-0.039169296622276306,0.5132812261581421,0.3483666777610779,-0.04351666197180748
0.2553752064704895,0.6607413291931152,4.7236753175639024e-07,0.3373132348060608,0.6738443970680237,0.015144598670303822,0.41555696725845337,0.6233948469161987,0.023107489570975304,0.4748014807701111,0.6211282014846802,0.021939843893051147,0.5241228342056274,0.6538918018341064,0.020534681156277657,0.394363671541214,0.436761736869812,0.050250548869371414,0.4498729407787323,0.3983280658721924,0.04574567824602127,0.49465128779411316,0.38760608434677124,0.03437619283795357,0.5307379364967346,0.3883076310157776,0.024577990174293518,0.3804279863834381,0.4115222096443176,0.028695842251181602,0.45136699080467224,0.37178146839141846,0.022546764463186264,0.5030035972595215,0.370732843875885,0.010836193338036537,0.546623706817627,0.3847233057022095,0.002373741939663887,0.3662852346897125,0.40504133701324463,0.003197409911081195,0.4421965479850769,0.3627106249332428,-0.006797464098781347,0.4963558316230774,0.3627045154571533,-0.015526080504059792,0.5414445996284485,0.3739698529243469,-0.020894065499305725,0.35658904910087585,0.4131554961204529,-0.023094777017831802,0.4264855980873108,0.37723180651664734,-0.03307223692536354,0.4733167290687561,0.3644135594367981,-0.038045428693294525,0.5145058035850525,0.3599034547805786,-0.041260719299316406
0.25782132148742676,0.6672247648239136,4.621297478024644e-07,0.34061136841773987,0.6752908229827881,0.015518346801400185,0.41719773411750793,0.6247197389602661,0.02163560315966606,0.4760235548019409,0.6241999864578247,0.018366722390055656,0.52620929479599,0.6563053131103516,0.014409779570996761,0.3950271010398865,0.4398908317089081,0.04604019969701767,0.45014381408691406,0.39840757846832275,0.03939824551343918,0.49521470069885254,0.3888566493988037,0.026944251731038094,0.531933069229126,0.39298051595687866,0.016782166436314583,0.3808768093585968,0.4175320267677307,0.02379418909549713,0.45245593786239624,0.3754191994667053,0.015773681923747063,0.5043190717697144,0.3760557174682617,0.0034563641529530287,0.5472009181976318,0.3942312002182007,-0.005138332489877939,0.3668709993362427,0.413612961769104,-0.002030069474130869,0.443940669298172,0.3674948215484619,-0.012383797205984592,0.49839144945144653,0.36740830540657043,-0.02072782628238201,0.5433123111724854,0.38004976511001587,-0.025868963450193405,0.35669711232185364,0.42475438117980957,-0.02857328951358795,0.4259043335914612,0.3842927813529968,-0.038416001945734024,0.4723016917705536,0.3689718246459961,-0.04282326623797417,0.5124532580375671,0.36300474405288696,-0.04559846594929695
0.2549186944961548,0.668237566947937,5.172945520826033e-07,0.34064286947250366,0.6787712574005127,0.01773025467991829,0.418155699968338,0.6283949613571167,0.02625780925154686,0.4784505069255829,0.6300792694091797,0.024358924478292465,0.5280435085296631,0.6615738868713379,0.022066479548811913,0.3910980820655823,0.4448477625846863,0.05807320028543472,0.4483816921710968,0.4051858186721802,0.05551983043551445,0.49512165784835815,0.39623308181762695,0.04394552484154701,0.5322608947753906,0.39840787649154663,0.03383658826351166,0.37695804238319397,0.4207240045070648,0.03499457240104675,0.44908416271209717,0.380098432302475,0.030309733003377914,0.5029409527778625,0.37980371713638306,0.01695658639073372,0.5463006496429443,0.3962528109550476,0.007004144135862589,0.36357057094573975,0.41514724493026733,0.007857811637222767,0.4416070878505707,0.3721674084663391,-5.254307689028792e-05,0.497223824262619,0.3724205493927002,-0.009750425815582275,0.5415031909942627,0.3836270570755005,-0.016308682039380074,0.35542869567871094,0.42352795600891113,-0.020029593259096146,0.42687126994132996,0.3861196041107178,-0.027867231518030167,0.4742429554462433,0.37321341037750244,-0.03247959166765213,0.5152525901794434,0.36798346042633057,-0.03590782359242439
0.2511017918586731,0.6750671863555908,5.045068292020005e-07,0.3363153636455536,0.6836043000221252,0.018539128825068474,0.41584140062332153,0.6297472715377808,0.02642483077943325,0.47658097743988037,0.6289101243019104,0.02427620254456997,0.5276600122451782,0.6627759337425232,0.021479593589901924,0.38882434368133545,0.4403891861438751,0.052524615079164505,0.4470975399017334,0.4061579406261444,0.048849400132894516,0.4936031699180603,0.39957496523857117,0.03753292188048363,0.530485212802887,0.4034885764122009,0.02755599655210972,0.3734571635723114,0.4163699150085449,0.02863895334303379,0.44856780767440796,0.3816203474998474,0.022817879915237427,0.5030595064163208,0.3846399486064911,0.010593137703835964,0.5469629764556885,0.4027663469314575,0.0016706581227481365,0.3595101833343506,0.4144430160522461,0.0012245479738339782,0.43957334756851196,0.3737756013870239,-0.007799138780683279,0.4967951774597168,0.37612807750701904,-0.016514994204044342,0.5431888699531555,0.38895124197006226,-0.022191110998392105,0.35152316093444824,0.4298669695854187,-0.026705309748649597,0.42516520619392395,0.39110520482063293,-0.03564565256237984,0.4741581082344055,0.37726277112960815,-0.040138766169548035,0.5164238214492798,0.372106671333313,-0.04325114190578461
0.24751456081867218,0.6801085472106934,5.00124713198602e-07,0.33282822370529175,0.6852351427078247,0.01709149219095707,0.4111938178539276,0.6298343539237976,0.023015936836600304,0.47260361909866333,0.6298450827598572,0.01947096735239029,0.5238660573959351,0.6637950539588928,0.015061761252582073,0.3822270631790161,0.43895024061203003,0.0440899096429348,0.4418870508670807,0.4044801592826843,0.037662990391254425,0.4889109134674072,0.3969767987728119,0.025282246991991997,0.5266788005828857,0.4014196991920471,0.014579322189092636,0.3666936755180359,0.416668176651001,0.020647091791033745,0.444984495639801,0.38214361667633057,0.012208756059408188,0.49980369210243225,0.3868267238140106,-0.0007085545221343637,0.5435180068016052,0.4060955047607422,-0.010133732110261917,0.35303300619125366,0.4178028106689453,-0.005863051861524582,0.43514662981033325,0.3785387873649597,-0.017151962965726852,0.49106332659721375,0.3787962794303894,-0.026567833498120308,0.5360345244407654,0.3886699676513672,-0.03277973085641861,0.3449633717536926,0.4374840557575226,-0.03276785463094711,0.41695019602775574,0.4021270275115967,-0.04381627216935158,0.4648837447166443,0.387542188167572,-0.04935421422123909,0.5066242814064026,0.38072049617767334,-0.05316845700144768
0.24267111718654633,0.6798329949378967,5.19983473168395e-07,0.33122506737709045,0.6838010549545288,0.018308568745851517,0.40847036242485046,0.6301054954528809,0.024262186139822006,0.4705398976802826,0.6290274262428284,0.01978764496743679,0.5230104327201843,0.6613712310791016,0.01439832802861929,0.37707000970840454,0.4411832094192505,0.04867810010910034,0.43712401390075684,0.40443190932273865,0.04252665862441063,0.4853595495223999,0.3971853256225586,0.0295750442892313,0.5241939425468445,0.4017423689365387,0.018368903547525406,0.36267560720443726,0.41958335041999817,0.023898374289274216,0.4414460062980652,0.3823126554489136,0.015181678347289562,0.49798548221588135,0.3886772096157074,0.001321066403761506,0.5423258543014526,0.4122472405433655,-0.008746853098273277,0.3500950336456299,0.42053642868995667,-0.004223785828799009,0.433678537607193,0.37717705965042114,-0.01568068377673626,0.49178633093833923,0.3794453740119934,-0.02582499571144581,0.5378040075302124,0.39480555057525635,-0.03247350826859474,0.34295934438705444,0.439480185508728,-0.03279389813542366,0.4171293079853058,0.40279442071914673,-0.043755337595939636,0.4671303927898407,0.3897392749786377,-0.04956706613302231,0.5098373889923096,0.3864682912826538,-0.05367544665932655
0.2413840889930725,0.6764436960220337,5.272784733278968e-07,0.32791996002197266,0.68085777759552,0.016492629423737526,0.4061838686466217,0.6284200549125671,0.02033362351357937,0.46712005138397217,0.6277204751968384,0.014954518526792526,0.5199674367904663,0.6620274782180786,0.008783048950135708,0.3752285838127136,0.4326598346233368,0.03975312039256096,0.43945828080177307,0.4017926752567291,0.03115268051624298,0.48855888843536377,0.39759552478790283,0.018235137686133385,0.5278435349464417,0.40566617250442505,0.007546526845544577,0.35915786027908325,0.4102490544319153,0.016241377219557762,0.44316422939300537,0.3774678111076355,0.005656342953443527,0.4990089237689972,0.3855236768722534,-0.006988939363509417,0.542582631111145,0.4086560904979706,-0.015739431604743004,0.34590986371040344,0.41278398036956787,-0.010127492249011993,0.4327426850795746,0.37344396114349365,-0.022554993629455566,0.4907911717891693,0.3777896761894226,-0.031290195882320404,0.5367474555969238,0.3925634026527405,-0.03690529614686966,0.33866745233535767,0.4355907440185547,-0.03680942952632904,0.4125668406486511,0.4026373028755188,-0.048376865684986115,0.4610837697982788,0.3931152820587158,-0.05345968157052994,0.5023812055587769,0.39067015051841736,-0.056778132915496826
0.24150365591049194,0.6707884669303894,4.899352461507078e-07,0.3280542194843292,0.6789698004722595,0.015335120260715485,0.4064507484436035,0.6280118823051453,0.019554782658815384,0.4679652452468872,0.6279119253158569,0.014891648665070534,0.5191183090209961,0.659730076789856,0.009454463608562946,0.3794076442718506,0.4294770061969757,0.037949491292238235,0.4416986107826233,0.40006259083747864,0.029637901112437248,0.48948854207992554,0.3958326578140259,0.016460483893752098,0.5276758670806885,0.4049220681190491,0.0054101538844406605,0.3627088665962219,0.4066812992095947,0.015410549938678741,0.44324129819869995,0.3756592869758606,0.0044083790853619576,0.4984859228134155,0.38529476523399353,-0.00896412879228592,0.5432765483856201,0.40952885150909424,-0.01834234409034252,0.3486810326576233,0.40833455324172974,-0.009890928864479065,0.4342643618583679,0.37476038932800293,-0.023546354845166206,0.4919779300689697,0.38239234685897827,-0.03341956436634064,0.5386703610420227,0.3996793031692505,-0.03961024060845375,0.3400484025478363,0.4294993579387665,-0.03551633656024933,0.4146275520324707,0.4002878665924072,-0.048772696405649185,0.4634608030319214,0.39229816198349,-0.05497998744249344,0.5059257745742798,0.39099571108818054,-0.05888461694121361
0.2400684803724289,0.6698908805847168,4.791900209966116e-07,0.32620859146118164,0.6782117486000061,0.013776009902358055,0.4054369032382965,0.6273748874664307,0.017509445548057556,0.4674854874610901,0.6281749606132507,0.012609471566975117,0.5188472270965576,0.6601524353027344,0.006781597621738911,0.38304242491722107,0.43643414974212646,0.035392846912145615,0.4440053105354309,0.40909343957901,0.025507532060146332,0.49057167768478394,0.40448328852653503,0.0112833920866251,0.528557538986206,0.4114460349082947,-0.0005970560014247894,0.3654739558696747,0.41153696179389954,0.013051407411694527,0.4441404640674591,0.38187146186828613,0.00037242533289827406,0.4977477788925171,0.3901102840900421,-0.014007330872118473,0.54233318567276,0.4111764430999756,-0.024083323776721954,0.34920695424079895,0.41109544038772583,-0.012224097736179829,0.43223124742507935,0.377157062292099,-0.02779420092701912,0.4885125756263733,0.38361525535583496,-0.038557544350624084,0.5352232456207275,0.3983876705169678,-0.04517942667007446,0.3377454876899719,0.4307537078857422,-0.03788566589355469,0.41153213381767273,0.4009930491447449,-0.0527944378554821,0.46055328845977783,0.39187970757484436,-0.05998872593045235,0.5038870573043823,0.389109343290329,-0.0645773857831955
0.24119830131530762,0.6719249486923218,4.910052666673437e-07,0.3245484232902527,0.680275022983551,0.01253495179116726,0.403300404548645,0.6277640461921692,0.015118108130991459,0.4635903537273407,0.6246881484985352,0.009456661529839039,0.5156204104423523,0.6577476263046265,0.0029035252518951893,0.38162603974342346,0.4373466670513153,0.03319106623530388,0.44262832403182983,0.41160547733306885,0.02256621979176998,0.4889298677444458,0.406825989484787,0.008550331927835941,0.5265186429023743,0.41355282068252563,-0.0030403633136302233,0.36464619636535645,0.413631796836853,0.011500508524477482,0.44402796030044556,0.3855851888656616,-0.0013216816587373614,0.49618440866470337,0.39253124594688416,-0.014701764099299908,0.5396117568016052,0.4111561179161072,-0.023991959169507027,0.34822455048561096,0.413127601146698,-0.013226724229753017,0.43095728754997253,0.3776938319206238,-0.0286245159804821,0.4862256944179535,0.3806895613670349,-0.038005538284778595,0.5329044461250305,0.39099228382110596,-0.04368756338953972,0.3357003927230835,0.43223974108695984,-0.03839999437332153,0.4089011549949646,0.4024583697319031,-0.05269186198711395,0.45774877071380615,0.3917834758758545,-0.05900072306394577,0.5009321570396423,0.38668960332870483,-0.06298727542161942
0.24209783971309662,0.6743140816688538,4.784808425029041e-07,0.32525548338890076,0.6811755895614624,0.013176174834370613,0.4036417603492737,0.628972589969635,0.01679828390479088,0.46385806798934937,0.6269040107727051,0.011876264587044716,0.5147227644920349,0.6588674783706665,0.005984972231090069,0.38359373807907104,0.44521838426589966,0.03492167964577675,0.442671537399292,0.4144556522369385,0.024576237425208092,0.4884908199310303,0.406166672706604,0.010596313513815403,0.526545524597168,0.41024428606033325,-0.0009365628939121962,0.36630406975746155,0.42195409536361694,0.013054711744189262,0.44296878576278687,0.38928455114364624,0.0006725643761456013,0.4948745369911194,0.3932252526283264,-0.01263735257089138,0.5389924049377441,0.4099876880645752,-0.022035643458366394,0.34940212965011597,0.42054468393325806,-0.011977210640907288,0.4309767782688141,0.3842706084251404,-0.02760276384651661,0.4859559237957001,0.38660067319869995,-0.037376776337623596,0.532371997833252,0.398198664188385,-0.043264854699373245,0.33622997999191284,0.4373141825199127,-0.03746297210454941,0.40949559211730957,0.4089212417602539,-0.052162349224090576,0.4577474892139435,0.3984377086162567,-0.05889406427741051,0.5002519488334656,0.3939284086227417,-0.06318367272615433
0.2397986501455307,0.6758573651313782,4.842550538342039e-07,0.32316815853118896,0.6829033493995667,0.016125770285725594,0.4013793468475342,0.6323066353797913,0.021160926669836044,0.4612925350666046,0.6305688619613647,0.01691889949142933,0.5128152966499329,0.6623556613922119,0.011877222917973995,0.37822961807250977,0.4408005475997925,0.041511956602334976,0.43845945596694946,0.41162657737731934,0.03314761444926262,0.4858923852443695,0.40728849172592163,0.019933462142944336,0.5240993499755859,0.4153129458427429,0.008860479108989239,0.3618595004081726,0.4174439311027527,0.01820526458323002,0.44063135981559753,0.3879903256893158,0.0073975687846541405,0.49476441740989685,0.398562490940094,-0.005930113606154919,0.5380344390869141,0.4237118065357208,-0.015278740786015987,0.3471592962741852,0.41708940267562866,-0.008242525160312653,0.4300979971885681,0.38176611065864563,-0.022197213023900986,0.48689353466033936,0.3889402747154236,-0.032050371170043945,0.5326504707336426,0.4062747359275818,-0.03797898441553116,0.3373957872390747,0.4356037676334381,-0.03502359613776207,0.4109214246273041,0.40350180864334106,-0.048420850187540054,0.4594675302505493,0.39444875717163086,-0.05481284111738205,0.5009130239486694,0.39358970522880554,-0.05880117788910866
0.23493331670761108,0.6783653497695923,4.869909275839746e-07,0.3222484290599823,0.6841917037963867,0.022083109244704247,0.4002476930618286,0.6325200200080872,0.029888801276683807,0.46074140071868896,0.6352505683898926,0.026897333562374115,0.5115005373954773,0.6699418425559998,0.022937241941690445,0.37284520268440247,0.43101030588150024,0.05234352871775627,0.43344569206237793,0.4069986045360565,0.0469558946788311,0.48162275552749634,0.40375226736068726,0.03462137654423714,0.5205461978912354,0.4123636484146118,0.023833636194467545,0.3574695587158203,0.40928858518600464,0.02634444460272789,0.43729156255722046,0.3898094892501831,0.018962759524583817,0.49263089895248413,0.4014250636100769,0.006809903308749199,0.5373768210411072,0.42564839124679565,-0.002072738017886877,0.34518006443977356,0.4125400185585022,-0.0027336759958416224,0.4300031065940857,0.3883711099624634,-0.013715654611587524,0.4873332977294922,0.3983685374259949,-0.021225208416581154,0.5338600873947144,0.41569238901138306,-0.025997232645750046,0.33854103088378906,0.43727433681488037,-0.031980227679014206,0.4125775694847107,0.41201597452163696,-0.04345233365893364,0.46118271350860596,0.4056738615036011,-0.04768649861216545,0.5033676624298096,0.4049949645996094,-0.050135012716054916
0.2354404330253601,0.6873235702514648,4.863830440626771e-07,0.3238082826137543,0.69253009557724,0.01857326738536358,0.401058167219162,0.6397954225540161,0.024538280442357063,0.4616059362888336,0.6403421759605408,0.02076120115816593,0.5115190744400024,0.6768276691436768,0.01611541584134102,0.3708474040031433,0.43961676955223083,0.043872229754924774,0.433975487947464,0.41526272892951965,0.035173773765563965,0.48337608575820923,0.41232752799987793,0.021317072212696075,0.5228462219238281,0.4226606786251068,0.009889589622616768,0.3547053635120392,0.4175785183906555,0.019522568210959435,0.4365774393081665,0.39525705575942993,0.008192096836864948,0.4924818277359009,0.4070460796356201,-0.005602989345788956,0.5378860831260681,0.43304404616355896,-0.014918441884219646,0.34188395738601685,0.4213109314441681,-0.007727715186774731,0.42805615067481995,0.3950377404689789,-0.02169133350253105,0.48561275005340576,0.405078649520874,-0.031177883967757225,0.5328309535980225,0.4234887957572937,-0.0367172472178936,0.33525052666664124,0.44673746824264526,-0.03516260161995888,0.4094078540802002,0.4203932285308838,-0.048484157770872116,0.45711833238601685,0.41269832849502563,-0.05414196848869324,0.4989131689071655,0.41124671697616577,-0.05734050273895264
0.23225408792495728,0.697965681552887,4.657493093418452e-07,0.32142096757888794,0.7005777359008789,0.020965639501810074,0.39950332045555115,0.6479419469833374,0.02849682793021202,0.46113401651382446,0.647758424282074,0.025849314406514168,0.5112147927284241,0.6821315884590149,0.022289635613560677,0.3692968189716339,0.4497693181037903,0.048379331827163696,0.43089160323143005,0.41835159063339233,0.041843101382255554,0.479956716299057,0.41392040252685547,0.029211515560746193,0.5191810727119446,0.42305833101272583,0.01863015815615654,0.3544626533985138,0.42890647053718567,0.0235185157507658,0.4360899031162262,0.399749755859375,0.015028579160571098,0.4915785491466522,0.4109237790107727,0.002476991154253483,0.534673273563385,0.4378550052642822,-0.006257178261876106,0.3424008786678314,0.4325792193412781,-0.004184577614068985,0.42772120237350464,0.3985562324523926,-0.015243490226566792,0.484628289937973,0.405046284198761,-0.02346697822213173,0.5298581719398499,0.42352765798568726,-0.028520694002509117,0.3361518085002899,0.45685485005378723,-0.03202429413795471,0.40971484780311584,0.42315131425857544,-0.04306047782301903,0.45715469121932983,0.410240113735199,-0.04785935953259468,0.4980759620666504,0.40690189599990845,-0.050672419369220734
0.22790460288524628,0.7074657678604126,4.6481127924380417e-07,0.3187031149864197,0.7091929316520691,0.02158578298985958,0.39628633856773376,0.6563069820404053,0.027194295078516006,0.4583461582660675,0.6556721925735474,0.022581754252314568,0.5095919370651245,0.6929019689559937,0.016849497333168983,0.36235490441322327,0.4445599317550659,0.04265555366873741,0.42860114574432373,0.4188789129257202,0.03391708806157112,0.47843900322914124,0.4195971190929413,0.020772354677319527,0.5183102488517761,0.4334423542022705,0.009718161076307297,0.3469029366970062,0.42572903633117676,0.016342783346772194,0.4340384602546692,0.402466356754303,0.004694864619523287,0.49021342396736145,0.4191957712173462,-0.008350979536771774,0.5337169170379639,0.4513578712940216,-0.017072360962629318,0.33563971519470215,0.4340374767780304,-0.012285138480365276,0.4246932566165924,0.4049879312515259,-0.025099489837884903,0.48301464319229126,0.41679757833480835,-0.03297658637166023,0.5294545888900757,0.4388580322265625,-0.0376395657658577,0.33069074153900146,0.4656434655189514,-0.04089050367474556,0.40556177496910095,0.4319564998149872,-0.052735935896635056,0.4544394314289093,0.4199540317058563,-0.05759526789188385,0.49640563130378723,0.4168885350227356,-0.060473959892988205
0.22490271925926208,0.7202591896057129,4.349777782408637e-07,0.3169797360897064,0.7222632169723511,0.023112863302230835,0.3957922160625458,0.6707481145858765,0.029195720329880714,0.45706647634506226,0.6687353849411011,0.02458869107067585,0.5079923868179321,0.7056431174278259,0.018621254712343216,0.3662777245044708,0.45744389295578003,0.045981209725141525,0.42978808283805847,0.4286777377128601,0.03782423213124275,0.47924908995628357,0.42689239978790283,0.023710301145911217,0.5184484720230103,0.44015806913375854,0.011800097301602364,0.35026296973228455,0.4378346800804138,0.01853489875793457,0.43366432189941406,0.40776991844177246,0.007839040830731392,0.4896591901779175,0.42036861181259155,-0.006395826116204262,0.533135175704956,0.4513765871524811,-0.01627439260482788,0.3371565043926239,0.44272127747535706,-0.011126862838864326,0.4231640696525574,0.40740734338760376,-0.02249274030327797,0.4802275598049164,0.41855400800704956,-0.03054562583565712,0.52605801820755,0.4420536756515503,-0.035928916186094284,0.3300159275531769,0.47164177894592285,-0.04082600027322769,0.4027545750141144,0.43498867750167847,-0.05138976499438286,0.4495135247707367,0.422823965549469,-0.05544423684477806,0.48932117223739624,0.4212331175804138,-0.05804993957281113
0.22099731862545013,0.7370550036430359,4.756478233503003e-07,0.3123551309108734,0.7371031641960144,0.019226130098104477,0.39241698384284973,0.6866500377655029,0.02165253460407257,0.45368772745132446,0.683840274810791,0.014036806300282478,0.5058728456497192,0.7175596952438354,0.005417241714894772,0.36123931407928467,0.46885764598846436,0.03710581362247467,0.42823806405067444,0.4360657334327698,0.02515695057809353,0.4786050617694855,0.4332943558692932,0.009429612196981907,0.5189196467399597,0.44673797488212585,-0.003197781043127179,0.34297624230384827,0.4507770538330078,0.010225511156022549,0.4293254613876343,0.40954506397247314,-0.004506122786551714,0.4859549403190613,0.41900646686553955,-0.019779374822974205,0.5303280353546143,0.45038551092147827,-0.02999512106180191,0.3283516466617584,0.457303524017334,-0.018981678411364555,0.41708850860595703,0.4117547869682312,-0.03343581408262253,0.4762756824493408,0.41867169737815857,-0.04277375712990761,0.5243080854415894,0.4418948292732239,-0.04869699105620384,0.3203967213630676,0.4888649880886078,-0.04833488538861275,0.39605459570884705,0.4499637484550476,-0.06049559265375137,0.44594764709472656,0.4355630874633789,-0.06569590419530869,0.48772096633911133,0.4341549277305603,-0.06919784098863602
0.2170884907245636,0.7552454471588135,4.982945256415405e-07,0.30734580755233765,0.7573425769805908,0.016959665343165398,0.38996803760528564,0.7144206166267395,0.016592267900705338,0.45112958550453186,0.7136240005493164,0.006115419324487448,0.5021807551383972,0.7436515092849731,-0.005196911748498678,0.3599092662334442,0.49143698811531067,0.03663461282849312,0.4278344213962555,0.4472423791885376,0.024313095957040787,0.4783696234226227,0.44266781210899353,0.008119036443531513,0.5186627507209778,0.45521280169487,-0.0044950395822525024,0.3408064544200897,0.47543954849243164,0.00988868996500969,0.4256436228752136,0.42055293917655945,-0.005245600361377001,0.4829353094100952,0.42731988430023193,-0.021274155005812645,0.5271492004394531,0.4602305293083191,-0.031918276101350784,0.3256707191467285,0.47918301820755005,-0.019421841949224472,0.41320183873176575,0.4194313883781433,-0.033275432884693146,0.47331613302230835,0.42466139793395996,-0.042427998036146164,0.5212734937667847,0.45100703835487366,-0.04813297837972641,0.31727737188339233,0.5041046142578125,-0.049264468252658844,0.39128604531288147,0.45366185903549194,-0.06014024838805199,0.44204145669937134,0.4368310570716858,-0.06453315168619156,0.4839397370815277,0.4371028244495392,-0.06741779297590256
0.20909371972084045,0.8067585229873657,5.424022901934222e-07,0.30026477575302124,0.7999550104141235,0.010165893472731113,0.3821096420288086,0.753793478012085,0.0034748301841318607,0.4404531717300415,0.7479015588760376,-0.01223145704716444,0.4939168095588684,0.7744940519332886,-0.03008129447698593,0.35365891456604004,0.5397771596908569,0.01452532410621643,0.4168680012226105,0.47130587697029114,-0.00951970461755991,0.4703276753425598,0.4603639245033264,-0.032372139394283295,0.5155220627784729,0.4704607129096985,-0.04853805527091026,0.33101868629455566,0.5267750024795532,-0.012465414591133595,0.40893012285232544,0.44833245873451233,-0.0376196913421154,0.4713793098926544,0.4467763602733612,-0.05944645404815674,0.522212028503418,0.4751838147640228,-0.07380609214305878,0.3084852993488312,0.5336973667144775,-0.04207925498485565,0.3876190185546875,0.45215773582458496,-0.06562229245901108,0.4518186151981354,0.4449749290943146,-0.08057934045791626,0.5056486129760742,0.4645582437515259,-0.08936433494091034,0.2898170053958893,0.5616347193717957,-0.07211526483297348,0.3567391037940979,0.4931100606918335,-0.09103190153837204,0.4089663028717041,0.46400922536849976,-0.10000304877758026,0.45335274934768677,0.45826438069343567,-0.10559587180614471
0.2008627951145172,0.8702749609947205,6.765204716430162e-07,0.28927507996559143,0.8379502892494202,-0.0016518193297088146,0.3681645393371582,0.7896995544433594,-0.02156202681362629,0.43064460158348083,0.7948973774909973,-0.0480656623840332,0.4872615337371826,0.825443685054779,-0.07743971049785614,0.33646607398986816,0.5737067461013794,-0.023159436881542206,0.40225937962532043,0.49481746554374695,-0.06727917492389679,0.46129339933395386,0.49081382155418396,-0.10208091139793396,0.5149456858634949,0.5146709680557251,-0.12492840737104416,0.3101521134376526,0.5725826025009155,-0.04977625608444214,0.38752293586730957,0.4791072607040405,-0.09335196763277054,0.45511192083358765,0.48160815238952637,-0.12348145246505737,0.5143158435821533,0.5165024995803833,-0.14286386966705322,0.28319573402404785,0.5951915383338928,-0.0789690613746643,0.3583615720272064,0.4923592805862427,-0.11823322623968124,0.4280276298522949,0.4849540591239929,-0.1398935616016388,0.4904167354106903,0.5069015026092529,-0.1519984006881714,0.2598962187767029,0.6417178511619568,-0.10864248126745224,0.31793761253356934,0.55764240026474,-0.13971883058547974,0.36769697070121765,0.5187122821807861,-0.15476343035697937,0.4126315712928772,0.5065499544143677,-0.16407515108585358
0.1888643205165863,0.942815899848938,7.081146691234608e-07,0.2720961570739746,0.9178086519241333,-0.01511344127357006,0.35419878363609314,0.8721383213996887,-0.04154587909579277,0.4165182411670685,0.8750197887420654,-0.07149463146924973,0.47571441531181335,0.9030258059501648,-0.10563863813877106,0.33159565925598145,0.6600853204727173,-0.048389434814453125,0.3957914113998413,0.5589714646339417,-0.09652633219957352,0.4515652358531952,0.5520316362380981,-0.13359202444553375,0.5013032555580139,0.5796152353286743,-0.15762104094028473,0.2987092137336731,0.6581225395202637,-0.06965959817171097,0.367106169462204,0.5379348993301392,-0.1116148829460144,0.4280252456665039,0.5313773155212402,-0.14317944645881653,0.48210853338241577,0.5624010562896729,-0.16560089588165283,0.26113834977149963,0.6853492856025696,-0.09290509670972824,0.31637564301490784,0.5603130459785461,-0.13229379057884216,0.37335705757141113,0.5470660328865051,-0.15609754621982574,0.42870646715164185,0.5637648105621338,-0.17199480533599854,0.22424162924289703,0.7390478253364563,-0.11689702421426773,0.2602313160896301,0.6534247398376465,-0.14963921904563904,0.29502955079078674,0.6160891652107239,-0.16391222178936005,0.3311758041381836,0.601691484451294,-0.17342986166477203
0.9302783608436584,0.9390367269515991,-1.6914835043735366e-07,0.8543159365653992,0.9532599449157715,-0.031574591994285583,0.7806188464164734,0.9249224662780762,-0.06594863533973694,0.7138411402702332,0.9025235772132874,-0.09719531238079071,0.6472865343093872,0.9004215002059937,-0.1294594556093216,0.8056146502494812,0.7266190052032471,-0.07102128118276596,0.7267553210258484,0.6589294075965881,-0.11669657379388809,0.676246166229248,0.6527895927429199,-0.15099911391735077,0.6370826363563538,0.6667531132698059,-0.17150132358074188,0.8390596508979797,0.688476026058197,-0.07523223757743835,0.7465186715126038,0.6302365064620972,-0.11594773828983307,0.6863502860069275,0.6356993317604065,-0.1408645510673523,0.641103982925415,0.6602091789245605,-0.15843814611434937,0.8729783296585083,0.6839561462402344,-0.08076222240924835,0.7884917855262756,0.6430822014808655,-0.11433444917201996,0.7235584259033203,0.6460999846458435,-0.1269599050283432,0.6740760207176208,0.6720096468925476,-0.13514630496501923,0.9014138579368591,0.7066807150840759,-0.08775430917739868,0.8317438364028931,0.6827885508537292,-0.11457400023937225,0.7845749855041504,0.6827132701873779,-0.12141774594783783,0.7457866072654724,0.6985689401626587,-0.12483469396829605
0.927545964717865,0.8923786282539368,-1.5035956923981075e-09,0.8392024040222168,0.8463498950004578,0.003256171243265271,0.7572696208953857,0.7654085159301758,-0.009573652409017086,0.6886076927185059,0.745722770690918,-0.03172614797949791,0.6180338859558105,0.7619276642799377,-0.054839372634887695,0.8214773535728455,0.5583299398422241,0.03200859948992729,0.7598696351051331,0.5173039436340332,0.010649580508470535,0.7137756943702698,0.5018048286437988,-0.017063403502106667,0.6709299683570862,0.500946581363678,-0.03929845243692398,0.8446940183639526,0.5603078603744507,0.006973722949624062,0.7743789553642273,0.511398196220398,-0.01402093656361103,0.7240891456604004,0.49451830983161926,-0.04011153057217598,0.6742641925811768,0.488439679145813,-0.06038067862391472,0.8629701137542725,0.5892924070358276,-0.02263108640909195,0.7866365909576416,0.5337403416633606,-0.045544445514678955,0.7350427508354187,0.5083110332489014,-0.05500573664903641,0.6861862540245056,0.49278441071510315,-0.06082947924733162,0.8701767325401306,0.649433434009552,-0.05336524546146393,0.8029894232749939,0.5946113467216492,-0.07022407650947571,0.7608799338340759,0.5580707788467407,-0.07273053377866745,0.7212268114089966,0.5278108716011047,-0.07462887465953827
0.9334335923194885,0.8361710906028748,-1.8539715540555335e-07,0.8391600251197815,0.8069689869880676,0.019255688413977623,0.7461395263671875,0.7264083623886108,0.014649762772023678,0.6720462441444397,0.7195667028427124,-0.0030574442353099585,0.5975881218910217,0.7381346225738525,-0.022410616278648376,0.8107882738113403,0.487190306186676,0.054601363837718964,0.7400507926940918,0.4372272491455078,0.04136309027671814,0.6850144863128662,0.423878937959671,0.016780173406004906,0.6322805881500244,0.43126288056373596,-0.0039317612536251545,0.8351747393608093,0.48042744398117065,0.021123826503753662,0.7426779270172119,0.4287981390953064,0.007285408675670624,0.6817212104797363,0.41857558488845825,-0.018269814550876617,0.6232919096946716,0.4300406873226166,-0.03818197548389435,0.8534432053565979,0.5000595450401306,-0.016269249841570854,0.7567029595375061,0.44422072172164917,-0.03402366489171982,0.6912127137184143,0.42796891927719116,-0.04682016000151634,0.6282936334609985,0.4315637946128845,-0.05507362633943558,0.8584787845611572,0.5522112846374512,-0.053795091807842255,0.7744297981262207,0.49255454540252686,-0.06947343796491623,0.7222039699554443,0.46398937702178955,-0.07421614229679108,0.6728180646896362,0.4508289396762848,-0.07719537615776062
0.9467674493789673,0.7949636578559875,-2.7453825168777257e-07,0.842582643032074,0.7875962257385254,0.0042881122790277,0.7453144788742065,0.7081294059753418,-0.011363365687429905,0.6642343997955322,0.6968325972557068,-0.03683702275156975,0.5857822895050049,0.7182812094688416,-0.0640219897031784,0.7949836254119873,0.43455982208251953,0.02317807823419571,0.6973856687545776,0.38412508368492126,-0.0108286552131176,0.6249322891235352,0.378447562456131,-0.04992292448878288,0.5597790479660034,0.4016161561012268,-0.07866150140762329,0.8199506402015686,0.41900697350502014,-0.008122398518025875,0.6954092979431152,0.36430251598358154,-0.04352928698062897,0.6176601648330688,0.3681917190551758,-0.08349154889583588,0.5486543774604797,0.396888792514801,-0.11203025281429291,0.8432177901268005,0.4398362934589386,-0.04370399937033653,0.7226947546005249,0.3699028789997101,-0.07677318900823593,0.6421988010406494,0.36768266558647156,-0.1002400740981102,0.5724849104881287,0.38956600427627563,-0.11483895033597946,0.853628933429718,0.4993729591369629,-0.07994706183671951,0.7607760429382324,0.4409412443637848,-0.10822884738445282,0.6978686451911926,0.4088541269302368,-0.12255910784006119,0.6423234939575195,0.38801103830337524,-0.1318226158618927